{"cameraMode":{"drawMode":0,"name":"Shaded","section":"Shading Mode"},"sceneLighting":false,"audioPlay":false,"sceneViewState":{"m_AlwaysRefresh":true,"showFog":true,"showSkybox":false,"showFlares":true,"showImageEffects":true,"showParticleSystems":true,"showVisualEffectGraphs":true,"m_FxEnabled":true},"in2DMode":false,"pivot":{"x":-9.245440483093262,"y":-0.5854206085205078,"z":0.24378108978271485},"rotation":{"x":-0.0011754438746720553,"y":0.9986028671264648,"z":-0.046777933835983279,"w":-0.02516799047589302},"size":25.324806213378908,"orthographic":false}