{"cameraMode":{"drawMode":0,"name":"Shaded","section":"Shading Mode"},"sceneLighting":false,"audioPlay":false,"sceneViewState":{"m_AlwaysRefresh":true,"showFog":true,"showSkybox":true,"showFlares":true,"showImageEffects":true,"showParticleSystems":true,"showVisualEffectGraphs":true,"m_FxEnabled":true},"in2DMode":false,"pivot":{"x":-47.69134521484375,"y":30.090862274169923,"z":166.15432739257813},"rotation":{"x":-0.21344369649887086,"y":-0.34649133682250979,"z":0.08128716051578522,"w":-0.9099255800247192},"size":2.905148983001709,"orthographic":false}