{"cameraMode":{"drawMode":0,"name":"Shaded","section":"Shading Mode"},"sceneLighting":false,"audioPlay":false,"sceneViewState":{"showFog":true,"showMaterialUpdate":true,"showSkybox":true,"showFlares":true,"showImageEffects":true,"showParticleSystems":true},"in2DMode":false,"pivot":{"x":-0.3125089406967163,"y":14.102005004882813,"z":-16.31305694580078},"rotation":{"x":-0.22048118710517884,"y":-0.003806750988587737,"z":0.0008599348948337138,"w":-0.9753866791725159},"size":5.107395172119141,"orthographic":false}