{"cameraMode":{"drawMode":0,"name":"Shaded","section":"Shading Mode"},"sceneLighting":false,"audioPlay":false,"sceneViewState":{"showFog":true,"showMaterialUpdate":true,"showSkybox":true,"showFlares":true,"showImageEffects":true,"showParticleSystems":true},"in2DMode":false,"pivot":{"x":0.1989603042602539,"y":3.476189136505127,"z":-7.732234477996826},"rotation":{"x":-0.12072431296110153,"y":0.8003808856010437,"z":-0.1721106320619583,"w":-0.561428427696228},"size":14.276983261108399,"orthographic":false}