{"cameraMode":{"drawMode":0,"name":"Shaded","section":"Shading Mode"},"sceneLighting":false,"audioPlay":false,"sceneViewState":{"showFog":true,"showMaterialUpdate":true,"showSkybox":true,"showFlares":true,"showImageEffects":true,"showParticleSystems":true},"in2DMode":false,"pivot":{"x":-1.8009796142578126,"y":-4.796052932739258,"z":12.496082305908204},"rotation":{"x":-0.25667843222618105,"y":0.48152968287467959,"z":-0.1499119997024536,"w":-0.8244907259941101},"size":14.063955307006836,"orthographic":false}