{"cameraMode":{"drawMode":0,"name":"Shaded","section":"Shading Mode"},"sceneLighting":false,"audioPlay":false,"sceneViewState":{"showFog":true,"showMaterialUpdate":true,"showSkybox":false,"showFlares":true,"showImageEffects":true,"showParticleSystems":true},"in2DMode":false,"pivot":{"x":-22.55586051940918,"y":3.8387298583984377,"z":-12.566926002502442},"rotation":{"x":-0.2857564687728882,"y":-0.009490224532783032,"z":0.002827561693266034,"w":-0.9582560062408447},"size":6.76450252532959,"orthographic":false}