{"cameraMode":{"drawMode":0,"name":"Shaded","section":"Shading Mode"},"sceneLighting":false,"audioPlay":false,"sceneViewState":{"showFog":true,"showMaterialUpdate":true,"showSkybox":true,"showFlares":true,"showImageEffects":true,"showParticleSystems":true},"in2DMode":false,"pivot":{"x":-4.874547481536865,"y":3.8067667484283449,"z":0.6045660972595215},"rotation":{"x":-0.1822758913040161,"y":-0.009737028740346432,"z":0.001802712446078658,"w":-0.9832022190093994},"size":14.048819541931153,"orthographic":false}